ID,TITLE,INFO,RELATED
sample01,"Blend2d.com sample01","bla bla",sample02 sample03 sample04i sample07
sample02,"Blend2d.com sample01","bla bla",sample03 sample04i sample05
sample03,"Blend2d.com sample01","bla bla",sample04i sample05 sample06
sample04i,"Blend2d.com sample01","bla bla",sample01 sample02 sample03
sample04ii,"Blend2d.com sample01","bla bla",sample01 sample02 sample03
sample05,"Blend2d.com sample01","bla bla",sample02 sample03 sample04i
sample06,"Blend2d.com sample01","bla bla",sample02 sample03 sample04i
sample07,"Blend2d.com sample01","bla bla",sample02 sample03 sample04i
sample101,"Fonts","bla bla",sample07 sample101a
sample101a,"Glyphs","bla bla",sample07 sample101
sample102,"Cubicles","..."
sample103,"Islamic Pattern","..."
sample103a,"Islamic Pattern","..."
sample103b,"Islamic Pattern","..."
sample104,"Islamic Pattern","..."
sample105,"SVG",".."
sample105.1,"SVG",".."
sample106,"Space Furball",".."
sample107,"Animation",".."
sample108,"Animation",".."
sample109,"Animation",".."
sample110,"Animation",".."
sample111,"Shadows",".."
sample112,"Shadows",".."
sample113,"A","..",sample106
sample114,"Where's the top card?",".."
sample115,"Animation",".."
sample116,"Animation",".."
sample117,"Text Anchors",".."
sample118,"Text Anchor",".."
sample119,"Splines","..."
sample120,"Anim",".."
sample121,"blur",".."
sample122,"zzz",".."
sample123,"zzz",".."
sample124,"zzz",".."
sample125,"zzz",".."
sample126,"zzz",".."
sample127,"zzz",".."
sample128,"zzz",".."
sample128a,"zzz",".."
sample129a,"s129B","bla bla",sample129
sample129,"s129B","bla bla",sample129a sample129b
sample129b,"s129B","bla bla",sample129a
sample130,"zzz",".."
sample130a,"zzz",".."
sample131,"zzz",".."
sample132,"zzz",".."
sample133,"zzz",".."
sample134,"zzz",".."
sample135,"zzz",".."
sample136,"zzz",".."
sample137,"zzz",".."
sample138,"zzz",".."
sample139,"zzz",".."
sample140,"Annuli.","Annuli bla bla bla",sample140b
sample140b,"Annuli Rotten","Johnny Rotten",sample140 sample141
sample141,"title for s141","bla bla",sample140b sample141
sample142,"title for s142.","KK2 bla bla bla",sample141
sample143,"s143 xx","s13 bla bla"
sample144,"zzz",".."
sample145,"zzz",".."
sample146,"zzz",".."
sample147,"zzz",".."
sample148,"zzz",".."
sample149,"zzz",".."
sample150,"zzz",".."
sample151,"zzz",".."
sample152,"zzz",".."
sample153,"zzz",".."
sample154,"zzz",".."
sample155,"zzz",".."
sample156,"zzz",".."
sample156b,"zzz",".."
sample157,"zzz",".."
sample158,"zzz",".."
sample159,"Foam",".."
sample160,"Medusa",".."
sample161,"zzz",".."
sample162,"zzz",".."
sample163,"zzz",".."
sample164,"zzz",".."
